{"file_hashes":[{"block_hashes":["XbqlDeSPQdsSakLp+hmWlAB73/gIgfsTEBEquxyEuSA="],"block_size":4096,"path":"css/raiseHand.css"},{"block_hashes":["bupll7qrAxuonSm/WhIzve2NF2PDazhvSsrGRX+XFXE=","TNI2dWMKQFvVDhI+HPXHO84PUzXCoP2w7ZQsJ7AFpOE=","3Joyy9tavFHNTCAgKJcWhL9Z6uA7sQ+onxopKFGYmko=","oTrqMblh6XVwpF3Vmkud7hVj5WkeYtZ2xO+ypkbstpk=","cS4Lzvw37iCNvZbMmOpxeDBkUkOodZ1mhIsXwNZeFCc=","c0RUTZ+X9x8DcJsAvrZ+YIlViYxl33+goU/CKH2iJNM=","BCvUBVZRc4i3uNHfaKLkhlOEn+wRNbgq7xIcPdxMCAY=","iy4npLOuDpyUv/PKv5c2qODpgVGeOE0wLyvTMQWvdVU=","Pgu9z45bQwUZahnFxQQEjuql7LqmMW0+LQaGliCturA=","8/LoQe9uRWYehpq7Iwb/39k1vdG8OAzoDACiOCzeOBY=","B7x/zCGukyygXvE9xxrgirUXnKfPkKEtqYU1noEyqfw=","vHGwd+Bh5dWFNHHlHpkFTLL65WBstu41jjCEI4U8U3s=","d06AqfjPtw+mV8LTDo2YCCOQ5E1tHynGiZwEpgMSH/w=","QUB3yHHVrfAJDukgNFKQ+mCW4gDJz8sZQWVhCDwNgN0=","Ebfhu24FNQY6kzYLKNPfj2nTobfcpBrOMtlYgug14nA=","5OoKZ6McKqgVN5mOtKxAn6f5e1qSt80XEk3+SqiEq9I=","jawlFIwtic7sXTXPtm0KnWLvzz5KpITaILn2zyDgJaE=","Ev3Ea9bx1+mpkea+QIVG07Ws2WRQumd4fg55rR57TrE=","B7DpawSX82UoFjXyQ5wXcUxkb0wRqeoKP6uzERTX1Yg=","/t19PTvdk3OYqco5ie2ErFBPp8Sfl+pYbTsFIf88yOc=","IIqS5Q6wEUBnVwLD4AZCd32iOQiFuXbt3v5MAho0z68=","A8Cx1+ZvmgcIap3koNKs3v5/plDA43GONpJJghLdiX8=","AhVDUVE5SG7atXGcblKbIJZ05uVY9Mh618fPqRI+qeI=","JaewlBr9VTiC5Ll+TvLhT3W4adU1ABVFrc8MxhfVr60=","f0pWK8wWlepqnx+wR4Dv7Upupf6HFpP16Jz9DVfswhw=","BF9nyQ0BJ7eb1nIOsfLKJlJtcI474cRfY/mcpDW9CLg=","9gBt1KP6rEhudatijIFSueZhQwctBCbjPUxRp7ArX+0=","OnCQRR15yhqp6q6Spq9EDhsVD/XTGVr8x7aJfsO7rjs=","GyY6OHFIzPqwRrwMz1M3zYNghYbqWFS5EIfX1cGT5Xw=","T9pv61C0vOdqjTELB01egif+I4FzTpbu8lakO5573po=","D34uWNa9Zj6Ckuzycrw18cfUgFv8RPpMV6uP/5ZHzA8=","oAX058VwqkkJcchYQGqbzYafhaCe1G/3J9mmcVYNEPE=","GUshDpf/IugGX7NO7QYSX7GuKIgunzXInLu8t2wtyN8=","h5bETRaoMNkUKD9ZZckR0mlJpwFLORatELZXeonBKbg=","SmLLC8zUBx3CqkWJ+JixKmhPOaRlqbgAZwYEvnXlsAE=","rBoDROTTKjKt0/jJAI/DSBSl40zV5fIcmgPH+v3qZBM=","xAG5f8p+4SjsrUIPSvndaucFYtOSHa7RISaVhUe8c4o=","t+g0F9CSIs6cyEZwCtkbTybXByAOmkeT3ZmFIVactkk=","jvmnvAJ+Av/ZFcIu7Ir66OM90tUGKjfTk/Z7O3tueCc=","Tmwb6Rrj5dkpjHputHWVaGyv6t2yOUPu4qttvU6bXec=","E7KECFnIztK1in3m7nwMaH8uXNF0/apg1dmf+02ognQ=","afpnMASP8xKiY3Uo+P9HTVZNTUTn+n7K/88aowxXgdo=","Luo3fBvL3Zx+7pgFDrDTNRRuc9aG4kCQlr1mnfcluGs=","eZADEFbKzmSYXoKrFtkUHxRmtMiL1fKraeKsZjCKAOo=","hNmcwxRh9AobobPV2M2Gr2B+iN7t9KSTruKfvET+9SU=","oX9kxMLSwMdBGbyGjs6/66MKATEz4K+4GvqNTtopvDE=","t/sfXzYNSHVPzbfyhS37YBpfaChFldE5WsSgS+QJcfY=","VULf7kgpIYhrFrvNZkT+BaRFDVPR5FjqkKgyfYkEAX4=","Sw7eh3XhzNWJJIBRnzjCLTOgE3wEx0SiIINMCsmKQdE=","WeuYtks3qYvy5LTUyehgbjgnuC0Yyc9IZK0XTlkdHxY=","55NYSgzt2E/KTpqFh6ht779zoNoSwLHC0In8gQVzSJk=","H0LFSYb835KYb/iGIN/L/xgfx3quKWACuAP+Lzs63Uk=","AbnH2LSUPG2KtCHIKPsiX9TRoN7nFXin0CT6J55OGL0=","F7DOlAJ1bpEF/PmNeas4svf593pd16HZ760Z1VwhK+Y=","9L4gpehbQVbnom2ueWFAQJEzC6rEI7BE24l/aDD+CEk=","o21OpeBeERml55YmLV/oe6/74jOTRWEZlzNybtFQIIA=","ZRkMHW32+MhbFr2gn09UVVsQo9GCNo8Jlvdqt+/75D8=","9F18xyaHpXTooqDoxkM9yLqpIAZfJuCx5cuSIwfdZic=","KjhnarGCONDYmqBTYDVYpW/iRsvc2eky7ZFG2yKc0rI=","4CeGvuORJbhjHVagE7uTYsSyShN7ySmXLM1CainMcJA=","S6yoO1UWxxpRQhiQGDhf5LoDq9tAckDlgEuITBHFiMU=","HKUCLr/eBPR70fhTMlwtR1hDJl755eBVhir0201vo3U=","nASH429/gkZL3waeOyNp1nwFQc0DUSVWEcoWrOJU1KE=","fmb6jSaVsLK+lpZ2Mr4w+9Ji2phY7HFVa2Yf0LDCLWc=","b/KW0GGMydcymReh4EwtJFGKZ/KtRovQN4oeFO5ZxS4=","3TPgGa16ehpkE3yCqlbzSzD/s3HOW6PboW8LgAZsDLo=","WPISvkf41IqDACaO073m+iezkEg0tIygddMiY1sjqlw="],"block_size":4096,"path":"images/bedroom.jpg"},{"block_hashes":["cRUtaneiYquFg08wQko7Cbr+jsh6BMWzvY7TumoCD2I=","/TtWGc3nIba5SMlGByideYnQwC+fLo75TbdG9wXPj5g=","z7MRG6VTfwTFOhXIEU+B7+43CQ59kt6H5MnENVxHro8=","OO+vKxaFhBY6+Hv2FPwTJg0MgftUMdAQhq1OmuO1q4o="],"block_size":4096,"path":"images/blocksi_logo.jpg"},{"block_hashes":["g7QZI5vu4PJ5JkiFzJMk9dNkyHTXsGPYaQWfTPiFr7I=","T/emaoWO2YjILAsMCawwJZCJ5cxnQBCtgRG1r6SbeZ8=","IEdIP+f1qs75w4AfpjaPdn9RoFWvKiD2J6STKMD47YA=","S2bppaib4PoP0pqojYNBNjuvKv4GeTXP/2lNsPaWPYM=","MmacOoxefVdyMX+zkFocn0LKvyN7yxBR/NMNZnzQ7UM=","RBno4yMb97CNYIZmtuQSGgXhOaCa+DN1wWS3g0KobAU=","PiD5kGIUYbF7Oi3XUHEwr/qKEHTX6xfG4VGlr7kZN1M=","K3pEYYl/8TCj/dBm0kzVyfNJ39sdwwuy2VqW0f+0HiQ=","+hKl8ci1NlfohyL6H/XRIjMxsZvMRmxHssa+o59Gk4Q=","oUNRJFdB3ddsknukzLmmpGZL+Qlg4CKXEBpKSUtj4rY=","8zHI64bEInNUXD4TgWwR43m1Bex9OiwZEOswAM6++SA=","Eixwc95+cTN9FICdvF2CrVUD2VddG2LFW1mj+oB47ww=","A8SUshqW45uY6ozvrit1U4OvBqIF2C9g1492fwt/wd4=","n89tukCmr6ua1bX7hLzBsBs+NZMf426TKEXJrkagq4A=","rEoCQLkpV6jHJy/UmCZaKnlxp7/IlTxWQMkd6hUuFNk=","Y12lp+KibuEXLapkO5of7DYGlU+Z9MTTc+oaXYJzunU=","ESwQjZSdsD4PWkx6N/RLgX8X87v55IDW7T5xrs7k7nY=","mZTXlyROk/mbpmn2roek9v4AapE1PkiI1TV3/+ue3uk=","hPFqnobJXz9ZRzDCoM3pCbtNfuEqiskKE/na2E9MUvw=","lqCJwMvf4J1B48b72hxawZqzoK2to4jzEUZb9T6VRgg=","dg52Xnn/iAUJnDKpGCFBpHsH3mx7V1NwFzJ7/4QRUTw=","DaFjnrKndWw4gHnyMhPcmbgrkclnFHSK9+DASHfgTUI=","+fvg5HXABlJkTvxJHoELwsU/s/jHrto7vk6LABSQtf8=","gAuaAaOIuZT3sM+A2gXR803xw3g67qHBihS3iT/FkdQ=","KCbcNKbqyWW7TsUJzbXVTXJ1Iif1LzdSQtl2N5zUUG0=","7OzTzHDx2KZXPS+PvYaEQsid+WjmQv4o9EKPE6dCeto=","IORyexkDWPM0L7uZVx4b9lY0VroFbTu8Tvtaj2Zqtao=","XJbGgmVFV7NhCZKXVuWpJ66r4m3x5gDvg0DfENfpxzw=","zUkQDAxpuDTJrkrkwn9OjK8xvf5z5dDqJz9OzaZkVR0=","WKUfcMsKTwrkJinslsQ54zNt8Lr+zLq0Awe9uJuedG0=","jrdRUCICdBjqVcxoG34rdw0E/zglcEaDHy7ywwG0ZkM=","+T2zrL4E7j+WJxBF7xeXgtvj1qqOzhJ7d0ubsBBxziM=","1nlTyeZd+rDp31b4x/59ZXBYALLNmZh//tcmpssnKu8=","u6SgM735OSl8XU+QvkQYDKCpzo4Jhdo+Q3gQRX43ptc=","+8XKNIzxsbYIJWWH6ZAt3Abd+dAh3CeqtxhIggk8bs4=","DKCbn/ljRDBFnJenuEEPv2mICIih1tWKTB/A4nYLVkw=","zrXtHxM/IfYeMjxwj3P81sPJecxE44enU5mHPZRGUKQ=","sMUzHsgs2YMKyP4SKFZkWh/GRi9tEMPULqH6jyxCT2Q=","pGt4ZLVT8/zQRGO/XTT6fvFFcUIOpt9t28qoGd69gP8="],"block_size":4096,"path":"images/blocksiLogo.svg"},{"block_hashes":["cLtttO2eo/MO5yQOKSJVmflXKnAY/sujLAXESR6i6mE="],"block_size":4096,"path":"images/camOff.svg"},{"block_hashes":["A+ehq04TwvAxhRlgQPRI2muy16wUZHVPOCiZ8e3qqm0="],"block_size":4096,"path":"images/camOn.svg"},{"block_hashes":["ADkyjLDlX+1yjCq4p5ewKfsCg5oHw30IoYtZ+qAChw4="],"block_size":4096,"path":"images/chatBubble.svg"},{"block_hashes":["lFrRaOpZWM8dQp/o+MJc9n8eWfCHNfOoghBVAKFByy8="],"block_size":4096,"path":"images/exclamation-mark.svg"},{"block_hashes":["kErABLZeh8IbitwmzEf3h8FzKr8gj4yze138eTRrPHY=","j9T8QoJB/Lo6xbuMllWMj/QWlNuOKC9lJ/V7QN/XQvc="],"block_size":4096,"path":"images/favicon.png"},{"block_hashes":["F/HudiVjSpTSrni/3oEIav1fjlVIECW+vYmvwr5Ej4s=","ZrYx8rYn9oc0Fgc6qGqYtQQFjS3sN7m+8ZjCELxL/NQ="],"block_size":4096,"path":"images/favicon_lock.png"},{"block_hashes":["p4CJfowAaRoxk4a8SQ9A63wJXMSTlSkepe6DIh52+TM=","fecVwJ5WSG37UyKyz4zhz1KCp3K1Cq8b8K/Wdj4w32w=","pvLATyboqEmt9J80yf66AozQTeh4ihexZT5Cz/PvnyA=","rdRxOPXMKO5m+DijQozAeXA3W1zQxzlYRar2jPBQqgY=","1M2nqnU4vFFoih3OFMbKxzXefJyRj/9+odX8OxmGWTo=","5AaUj319kyPg88EXTpBc3rF9YAfLMmO/aburf2RWo1g=","s7+qF+R3ijJ5GPLDobSbS/l2DqZayFb9Wz96vaOs37Y=","tDCW+GlFOaIkNk4RlLvadwg+mk5c28Otn5CwoEqAT5c=","rFg/tBPx8dkMTj5Tpl+dSKHhTI+G1DP7jmnJnFeuPIQ=","10g30/qVLbuW131Mjlq1nbwyC5I3s7u27wkj5OtRoqs=","4SvRHp+x4r9j/zh3nmZeaVYlNtTjEonfjUPMsAG7lcI=","OpqbXysu0DeSJP1EbLIOo1KzBV2aH8rVK2eEseDTnTU=","1uQdgac/oVkw/8FkKYrQwIbgwNwSDp/DzHExkqhfTB0=","E56H2PFVmcvM+ouOv9PwmDECgWq1Z0IJvLtehdbA0yE=","nbgNDV+jpVzUBlVyCJpKdGAnmyY5L5b8peTm+3ML0rc=","Ng1N9SFtY3e6IfiEFDvCmzsasG3S5Nkb0rZ34/DBDiY=","O0P5zd1xk5234cMYtDIVs6XpfgpN4oZftp0yYti5aR4=","y5t8VgGbzzE/MHBDE0RkHwuFW3PK3pKodlQki6o8wI0=","SweZmeRu8VVpT+YFLNgpYCfZsXLwfHADBW2ukISOSVQ=","onEV3S/UdOA1ZC+0ss35l46ewIC5ruEGdGIeC0CX0SA=","lJUZP8NUh/iF806vWJrQZUlVaMbiAn5aAHhLF1xCXU8=","Sr2Xa+w4Zb25ayco/z1WIO96TGI2zJu0K9tQI1BuwFQ=","n8qFwPL0PfM6YpMVjhkrHmYElcm+3e4LY30CzKuEfBY=","WbDIZjayMzbVg8k3vj4MCLxIZNx5eU0wg5SxJWhe8n8=","0e3aGuXaHwNZ/4Q13FdTuMcaVhRwj0OqcQAVJjdXpxM=","WMPHAG5vMibSqpWq8sYwfw1UvOv9KlQAWpm5LN8BAWk=","XZ1IyiwdyG4cNTDwQ1FAY8c6f/aok2+yfAMPHGwYBRA=","oYH2LTIpFG1IznvDXCY63Fe1u78ut7/N4IGZb2hTFRA=","4B7bRIdT6ck8mXF75pQEROiFz0Iv/D5d1BdKBfZsXCs=","40F5/Nv6PH2tvxnAOrWeu3RJwcvaQXp2XKIlX+f5L+4=","bfFJzZE28yq0+VCKmsEHiO5owZtrqiEt1QSsqsLo3Ps=","xtzsdLQfrAIiLfIzvR6+l/aBA+Zzo6+KLylCnLlOVGA=","J/Grpi25rHl5hWrgjgTG21igrrJC/TFJqktrIuRoMAY=","6s2/ZheziVnb9El9Wnycg7gdKgJRd1a9ruN4voge4Ag=","N38TpCqKF/lh0td2d737h1epm4yUlbC1ByW5Nezp3RU=","fGj34/BEiMdSiEocOFcnefUIsplgzeuYe0uHEajn03g=","8oyut/LGZwdQ+sER4DRsOA/nNRJHfid4EAV6n1kzybg=","RsC0sDa38ohJiB7d3ns1edvU7GCGYVpo2VD3LGVmpdY=","jf+z+r/ww+w4aJzi4919u2DMIFR2uTVBRvk2rDPz8FA=","2sa5hqrubcI/BMs3sQMRO/DiYJ5vJy1sYaeGTjRngB4=","7wn1BFDGliYtzPcrhTko4x48w0QaYSo+aFmoHkAjQ9E=","lIjQiiOn4J1rf9vCpGLNT2+DBLUAw1FLaYkum1fqYJc=","byiwuRh6hhyV7Wphi1KjnnNT3iWNkuatpaVYcbJeOwA=","QNE5pu3q6ROT+jWB+zy9ij5W4F8rBizNRS+tMJc0vdU=","HDqYguaxii8LwKHzkuQQJ0haR81pJ49qmBaNUCvrHiE=","9Nen4w1lsJBcn4Ur4CehIEkw745RNV1IIkB0Lau91JM=","Jy5WG5dMHzcPq4qliBEVbTl2q+gZKNWxuAvV8v7kvOU=","4YczLxYqxcC2O+pc7n58OpGBb5tEg4J6u4aQ0Y0lUY8=","/ZcyAk3tHUQLsRDv7nU9JhNU1kSjbeLFQ5W1nqW0c24=","uX4ChuRV7DHY2J5dFO3TsmAbedxcLegCz/jejW9dklw=","n06JH4lc+uRkIDxd52u2jNDECszeKjdop9E9mPAWtXw=","3NmJKbRDWRonjeOmbe5f+ByFhO10quW3YzQaReqwykA=","W+LxqwE9n3KkJUHGaN19pw4eLZzEfcHJQzO2e2jVgEY=","BlQLBlkPIWBJE+UcAAAinB4pp4HzE/COAaCztSKxZMw=","StLPLVFc63W58FOdYuZno1ABpreN1q2ui8o1zQzUa1Y=","APt8qtocA+EZptsKGYIdR5ooZ5RvjKDoo/Ar+kCe3Ro=","4E2pVECpxp1yBcDlJ/Q9X9Y1Y4o9jjS0vRKEryHVFSA=","RJhZVI0jUuOjp3K4q9ncyQhj7CbCmjLBKVJcXno0L6c="],"block_size":4096,"path":"images/googleGameBlock.png"},{"block_hashes":["MJAA2Xt2DbarKD5/jlmBxCDwsxW/8UGEeSiJav6HifI=","tR6QT8qA00WEUHc3IZwjWboFDeXheTK3u6ecac9lIaQ=","myDsP0BrKExcxJst5+kb2WpiHwJxmMaRliAILGFU/RI=","50sv80E6VhjondDxlEJ9uG+h40VLNec3I1gATORsf4s=","CvCGi7FB+4642ypW6reMixGjAmuoY8RSHWVrMg1nW9A=","30VQBZmCBVcW7q6xEUJA7YwaZ/oIRJFjr0efD2cthN0=","w7FSVKzwt+bXry6BEjYLSro4smQb0wZv1xg5pYtKAuQ=","d6tzNK/ylW0bbU0gKvxLZqV+oMU23yldzT4Yg90uxJ4=","wcpFDIKbHRgA0s57444xHZKXioG0AD+RYUYTn+AgH/k=","+EZOEOcOIU6MEvh6i3bQ2qN5GvskhS3i4FwXmfrXSlM=","0Px3Y0S93BnjHQtevZ1Qa/eL+VjwS49UWB3PpTZqERY=","gYtl/DRcpJ6HRNGPSFfJr0V5HNiy80nXtlA1Pk9MnIg=","O0GrTAjSjRFE8t1m1IRQloV8e5ERMsXG2fFfGkusG0w=","L+LKee9pYhlQbRJXXHEAaNvrXyZnbIn/TG1FTGuerV0=","LXDBjB3sigq5zP4xbj4m+u5lXEH0CpiUgb5UzFGJeG8=","1o9CZ9yZfMkK5uHTZuMo8jGR3xsIJUPNQCd4L5GrNWM=","3Y39Rg6liUofxL84/CXJ9IDsOYpwC/A5mfvEvTdHSLk=","9qznoaTq1G0kXpbTSGwCTe/9GMvyPe38NOLRh5eJDZc=","5EtqMdiESBHc1b7FtVsY0hIYZK2BuoUoMBGyAj16d2g=","9YuyUaKIFPaS6RBm756PdieJf92fN9xgLhsHWBV31BQ=","YYCYAHQr+Oa1/yPRv+564trJbOmz4BjT02/dfDI7brA=","0w0PtKNSPeRaX/pBMA7y8sWqleqGusJd4nakiF1XkeA=","zYeEePyym4bfJtfDMnG9S2cfg9X/Qm81G9z9siAffpM=","kvl2S0wv32GOw2h3+QxcyiBGyxJe9CKWV00V8FbF7+0=","eP+lWkaWlYtQcbgEgTwsFV3mwGZY8259/tSpASC9oAA=","ejiXul089I6ldlO8qnHE5dprDkFi0uTR4GPiQNCqUzw=","rmauWjadLOVdICHQmddk3W1L2Wep0zlM/I0xd8D0DQk=","WgDF1BMQyvNzmHx3/kCdXlr6zz4gx0yHXDas83EV27A=","WaVnx1U7eif0cNl0P1hV/Qt7I88jYuAwOozKNs9cDtE=","+ZkMRL2TQX/yzRVwUXJMdLTDMotzkqEu4UR9QYC/XgA=","g4Bwp1azyJF9h+TFbWWW1NqkRh/EQRLF0E7weJoWbMA=","GJRywg8fV+iDbjyd7KrPigC3IMtaHOTtQ8AGfXpaF+Y=","OA/m26J+g6snvbhTkTiA3nlzctOitAILJHJ6zR4Tyy4=","fcQYjZgV4rzFd5YlzRM0/iQueUPOkk5BHLwUcZKZhOc=","bQ0qk58xGk4oVdxWmOEZ7gntocZxbjKc2bmbQxqVyRc=","9EBfEdmm3UtPeH7J2DbEJCF9h/QF61jGtGbMDwyBzds=","yz8hzK95XYZWmj1TQ8CXvJ98V32j5W/9uksFchjy7/c=","nUTVDYPwAM776jKM79vTDzqTFai8RRptT+LTCWYnCLw=","zBiRTfN64ziGuFWX+El0lKpQiYJyXQV0O8EgI0LK1X8=","xavtpba9zDTv/BOarT6jJ03uPvnnQQB0fSlnloRMtUg=","3DKGBY/cLvYVpYLFRe2edwerB0e8CGEntHqkadT9Cd0=","tM+4QVwhOece4dj9Vik3QtAww0htXfbKZKCSSx0mvyM=","YkP4LpkgGlVKCpKZ6C8Yb+8BkFaySsrYNp3fBcepHho=","0+dKQeTtIIUEbWmHa/2JEdjHNrM8jv7K5QqKf5X4ORI=","0QHy7gLXg1gr5SvU25IEZDNg1ySCKnxkr+IXPZqCfAU=","0DEem+RSoPbfJrusvUNis84Hja6cO6C3g+OW9zumCnY=","Oi2YjlNmcTxxxb2YdL6yPBZfJnOm0DfyDnh/5/hAD+Q=","XC0k/d31gIcC7YG2DKSqEANWMMJnrQeFuLf2esQP0Oo=","f7hBEb5aVOcQeAvv8CnOQvPO+ANqKtXzvaK6pHMYjY0=","KkhHew0ZKm1ahX11jcQwKLHc5bO0IgtPXCGs/+YEAHk=","AlLXftmOphSwS4DAGxZ+x0P1xZWJnkkVrEwwzJ1cc6s=","Y2eri+iLAQwc98lHxJ0OLwDuQJiozqz+IYmwcu73Txs=","KpZdNBn9fUsBSszHBLoFmSfZ4bsvWZe0ENHtXsZ2zUc="],"block_size":4096,"path":"images/headsup_background.jpg"},{"block_hashes":["IoSwhq4cOgDJ2juxyFJfyQ+AC2GBmblr2cCu7tswOeY=","sPcJUQ7fXcvPY9qL0N6zBRpuZr10JpIKvPlOKWe3Ry4=","SYkORS6YvknU14H2mZUxKutmFA1ioF+r1yais797DfE=","zd8j9Cv8kYZGLCmzo0HCbNVbslqzI8Yu7+8CAF58Bqo=","Sd4wjwJO4GmH0mmmbAAZpbFd9+fZk0IE8VIdIqQBv9A="],"block_size":4096,"path":"images/headsup_content.png"},{"block_hashes":["euPkiPNyvyk6CUvhrXBYyqAJRjDEHeujqjqaKjRRW/M="],"block_size":4096,"path":"images/keylock.svg"},{"block_hashes":["8BhXJ0ySpgby867AG2QAb3orL75a0bUC78CtTV2UT8A="],"block_size":4096,"path":"images/logo.png"},{"block_hashes":["hU+yFuKDo6TuK8R/cYWEkq5SZQFU1jWfu4k4Td8BJCM="],"block_size":4096,"path":"images/micOff.svg"},{"block_hashes":["/pl7/Is/2BYEgSh0IoemRLEUbVgyfBEqollof7NaPDs="],"block_size":4096,"path":"images/micOn.svg"},{"block_hashes":["B3UzXOODzd8c/SRdS7KdZ/9jxKcKR8lar7MYoBScOuA=","KQC3VWUn7Dcg6K5XC6vFYlmiGGbyeE1vX2xXSMIkWBw="],"block_size":4096,"path":"images/nocam.svg"},{"block_hashes":["1G+3aCZJeJF+YJd58VN4BPsIZ/cZOSL/AZV439sUkX8=","0pv3D9iAiPk5l6aZkq6ejYCtEielI+INC6d6YHcHQTQ=","0Df/toEepJ9R6B/a57AaeLMAx6K5H6nNsvRBnYHduyg="],"block_size":4096,"path":"images/raise-hand.png"},{"block_hashes":["1nZKgZpEAATAN3EFko6XcNmRGA1x5+6H4oPrN6cw3iE="],"block_size":4096,"path":"images/raise-hand.svg"},{"block_hashes":["LgpM2YIr1iwanGQvU0K4iKBecI9aFb5ObmCV60gjdOA="],"block_size":4096,"path":"images/teacher.svg"},{"block_hashes":["o6ujDPj8ITY0tZjHl/eYSf20JAjZp+tbkPNfaxSvsoU="],"block_size":4096,"path":"images/wave.svg"},{"block_hashes":["ok6UrduZKwj4o5z6vzoZjBtPnYVMl/zSiXQ8M16RcsU=","D9zhOlfKipkGMxDJo6jbcWAia9cW/1dcEOoPEEQxpmI="],"block_size":4096,"path":"images/yt-empty.png"},{"block_hashes":["tlnZKRB0zdFX+ZexPwtmVGJwdGe1TNb5QgkoUKyVTco="],"block_size":4096,"path":"pages/assessment.html"},{"block_hashes":["cbr/EFlrM/SoVMNEw1DesMxc7mWTi2zzjdb4UebiaYI="],"block_size":4096,"path":"pages/bedtime.html"},{"block_hashes":["7sxMa1607KoVSop+lcWq7soDrERIk1DaKBl0C6C3j8Q=","QZd2SETOnYAO30eDpZB35Y/kGV8xzrb/Bm4CFbvsI8Y=","0TZW+uG3zZyzOO2toC2bdt8PA8hYFr5J16hl8LrZpSc=","ZR4b5TXZszpLjgt+3aW5O+hi2NOGNU+RRXKaBR8COyU="],"block_size":4096,"path":"pages/blockPage.html"},{"block_hashes":["ILLadIaizIyFiOKtsQz415XAM+Yq1WwmA45hDwSkZtg="],"block_size":4096,"path":"pages/cast.html"},{"block_hashes":["EtAItGqrqq2csRb3BQ2MOXpdJwwYsINrzaUhuAX6IGg=","aV1SmeiGdN+onzrDVlrvWTUIBsex06iOF9aNH3OJu8c="],"block_size":4096,"path":"pages/chat.html"},{"block_hashes":["yWf3RBFA+pUc00sln0DcfFMx5qCn0xxPoaXmm1w4akQ=","LhrxERwWFLf+inADngQodN99UCoE/8au81w7UZcq01I="],"block_size":4096,"path":"pages/classJoin.html"},{"block_hashes":["WjHw8YYy41aV6OWWvNBmNyomjO/Nr9VeK8QgapSEQn0="],"block_size":4096,"path":"pages/closePage.html"},{"block_hashes":["WaY9cm9uDAEaG5NMcQ1YsJILrrDWyam+yUmf3Utevwk=","pZIsV8X84wjppM3xWFGEnXdtJ11swKFNmmddGdks/Ho="],"block_size":4096,"path":"pages/conference.html"},{"block_hashes":["nERAJ5Tpzsl3RDcZzvBdcF871ukoU/API5Po8+hZRIY=","YdbdxyfcJHHNGM39OMhrG8Zu7fG5cG57YCKqRC0aA3M="],"block_size":4096,"path":"pages/conference_grid.html"},{"block_hashes":["HXiWQnl9tchV0+tvhbOaDqNr4b2jYYtqY3p1G8vSQFA="],"block_size":4096,"path":"pages/enforce.html"},{"block_hashes":["w56FxGsoCfvzZ+FVUH4ms7QWb8aHgccs7/aG8roPzcc="],"block_size":4096,"path":"pages/heads_up.html"},{"block_hashes":["FuMl12lP2U/M3BGJ7UZTrEy4PLHrWOKxOuwhQ9la7gY="],"block_size":4096,"path":"scripts/assessment.js"},{"block_hashes":["sMubZMRgGDRnxfVF0hFssn2c1+cwyZEP0AlsTBdgF2E=","z2JhOIru4zKJpayq1KMLHKwEQCK0GRz4KWt1HaB+JTs=","oa2Mn+SkFv/yrzcnBrHZ2jlCKEfBvjGPeyCYA0CoS7o=","b9qi3dQa/fDHeZPELhcXMGKS3bgW2S7HxnfpswU6zy0=","DKuIh7DHVnNgTwlKm5Qm5/XEAx+ta+NYD77hRlu43bY=","Pmf5YHdSNMoScQy21DbEBRduK6W8PrmMXJseLTQUb8U=","+0n3jlCoFI8MTq9j7oh5wS1qsLW/RD6CqZ+czCYfUTc=","/xut0oiAXg7F9UgqyNbWgwUBxcla41ZLvJhof4WXBy8=","6UQ0YsuHVSe9tSKq0wn/g5xplXslD4TET5iz1h2RU6Y=","W06R0CB1+wVZ2OkIqRHJLnAVEmCYtz8cBuOyv5iIXCE=","4iI3MvSLkPXE1tn9Z2/fc4/dSzseFA3PQQkQLa/JAyI=","kmrPdsp5ieuU7b8ikEP08LSpo0YNP3mo8zsNz2LKbso=","dD53o00lejCM/MYI+hFyWRorM+ogJpe2WGSYhsMNtRg=","479Olo3oJko3wXRzYFtGtJeaLEfKXVjgCxLmPMxNZQs=","soG7wbmvyyrWByJ/foiXRYwCOpoB6AsBIgInjdbhIiA=","MVE8uwfmny9nSM2TCw1soIIGK+xnHhhr/8z3o6MUNq0=","DgEi5W/crqi9B9LC5rH51Ua5Uoa/7rVG2AN2mXcAkDU=","eycnL7gLAxKx7sALZOkqSnjT6RKQKTs3FHMaGO7PClM=","CSEvhov1NXRTssMbtH19F3UFJjgnXo1zQEb9uCNqZS4=","eqPUJnh2qNnW6MnPddC5C6djP6aCQzrZExp2ICJwiBw=","CxmdZPjI4GO+hmVIj+vDCvrNiaNezgCA8zTAcOyQ9Qw=","S6/JvkzyHiWpQjrRtmQY9Hzp79tq7UViQEg34ZCGZhs=","1LmN70aMG4Jl7Xv7itykgiacRregUA8jEdf+Oo5PPVU=","l8ZneR9GsfeiakJwMpiOrLsNkFeePRAI9+6XWJ1Xvzg=","ytwlR2ggDJto1QX0ZpDJiyVKWQN13mhT6NqtNRoXQpM=","KtPM08BLqCXf9V0SomPS4UZ/yDst3JlQorfJuIuy51A=","ueBtDA4jTmp0sh1tmMZZ4f3Ac2jgLAq1nBhEvGFjhUk=","Po7bHBw/GzFC2IX0yS9w0Z0QxlGtsC8OWN9gy+9gNtk=","Ws/qsgkWhD1plYHSnvDN3RCzyZvYRXooj80D4rYOHC4=","Xj4hLzuDWYuvX26OUe38FJ4V2MyZNzD94pdbjjrFhJg=","b6NghNqpQAtETb69jk9jQ1anqpWk2H+FWeHOg5vYPcg=","ui78yQ2SBinIlrjzq6r9E3ikPtbv4POvDnct4wcaDYU=","uA8ru2WDZ94ByBFoyyhw9nesfjURke10jzRpeZXmfWc=","7qdEhZlm0SeWcJwStO8XxrBouGI9ipKV6VSzPTi+0p0=","hzRvd613hSWd/hmvIqDxt9n5bswWFMz2EHQoqvbfMMg=","o0PswJNTAxAJzbelDGBVu/UxPRRaWjcu9ubSZxhkUuo=","hcXvfpgFWqPNKCaoKwk6Hk4895qofsqeoNysGJzFWTw=","8RwtDKl87dXf1eGSS8e4Qlvbt0vLO8jGCIOpFFeCJHc=","tuCVwlZoFNmWv05CIQ9zqfn8yWCt3ebsP9vrmq8DtgI=","zQGc5C0LkaT3uOg5Oy8Ogxf5diIdZTjui1xnlTF+Tpc=","u1MxGS5xro9itynJZ1iRz+RR6jX9hzNYAk1mjpLD4a0=","apwqH54hiJvliautPcrQ+aG7ta3Temz6t7YVtStYx2w=","AA9iXjEyJ8y0U0E9vZoGZmKy2Uhy/af1EO3Z99H/sgY=","ZHiIYlZMXUZIi0lSdc4tvWAoqS9HMbNbwFofRL16Eww=","DhN+NcqreZUjJzamQySpeCwx/+zFZCnxc0YR7gMeHYE=","W0X51mj9KZJkrvp5S/yjXILCJVL7xh+MxqILP+lxDnM=","5YNZqRYomi2pwBmYbsIg8vzdznAEzOfGRg2hQQHHOXw=","Dn1hg0uZh0trH63yM0DEqPlzDk2UxZiWMeTbqkExmnw=","mBgAuHWi/SkQtvssjE0a5eCgr6mw9fYK/VqpW8qHWw0=","VDi0CueELySyb8v/FlOAC/WxoQ/cGpVgAI6lYMUYD1k=","pvZ++xkWBbpd5fc0h4PpUsp86rL2rhCPf/MV63Zw+X0=","yDiQihjfKoE3Z8tHyPdOlRsSQYZ4z7Srue5pHIv4VGw=","evlh81mDriAAGcWs3JTLJN8bDe12ggSBuB5kXOFkzS0=","mwTWnOVbN4IslG1Q4U/9erPGGNXFg7yvHP8JLr0tbSM=","vQLskxRVh1MiAIWVw5OqKfIo5jXmpRP46MS6ycYduZg=","+7XEPoYlAB3PBKPcjEPrVPilREuSU24UMyAyp1zKUOY=","5F6vD5VRn64yC6zC4Im0SQy+e4QhLyPrH1Acp/+Xyfw=","9OwSJg9SDZNXN9W9S7UA6cprGSzP89WGfsUCZ6fQNCg=","dyoSNAwZEtuAAQIq1ODv/LX88bv/bU/vGXEsmOcgJFA=","+kSMSU4vUVHN/kSj8iqESyQQD9FV/FWbgljif3FzyEs=","CaFyufhme28KFftCHkG86wROz43/sz4vixgXDIGOuV4=","w3Xl04tX2wC+MTeEE4W7VI5pmjTMK8DkN/uELOVIwqo=","5WNrbUmHNS9vPL0LiaeoUjSaVPhYqGg7rF+niq40mlM=","hrwBB7mZSFxSeuCvQN0mggdrEwQQDKxxdoay30FySbA=","23rTA9MQ4NcBgEpqbYZLTGDqs8+eZcktZ2BzUxTGYmk=","HvCYptZisNI4vX1q90Fl+8oa3jOd1tIEFKdlro4KqNE=","nCNDHkz7QoNTqn5YIRm1Nn+FBIRC5tOUcv7vcgQ7AiQ=","DStXSiIB/DsQJykwPHK6FpTudLl8WikXFNhCcyOx8ZM=","DprWt3kbYMN8sq0ddG1k2KIRgZzCwgZx7ryDE77FMr4=","zdXhZA0zZoyVEqSwM8d/sRGfsHmsi6nXUj5yzWxZfsQ=","JqBhVO7kFqyXC3oeOQPgH4EdDllRw2woFjtHLnt+AoA=","Z46WumzmI9RRcTiNGQlAlBHWsNFgYPc4tI0zfADY2lI=","swpk71PnKWUUsRcwsqgGpmkqZiGF7MI/DXSX1MsaW74=","4ZHNZc02W2QR+pPPgOA3NStYKXH5vT2jVhhpTyr+tws=","UXlfPR7DbAAFQXDjoOaGEW66BjUEyJe5ZLGeuntqHQo=","qgoLs08CNmvFNzxQRAnOozpXCPrq11GUukjMo4xWnsQ=","7G4fapuo+1M2pegvMssvHxR6rDp/ithcHNt89NZNuXA=","qbGNXQrMvrgnZuQ7URYfai6AKrY2zYUF98lqniw4WbY=","Nimkn+4Wq9IHMOi9DtEIcHcYQilepEuGvMCj8QbtJ54=","gS8vW/ogjSpM+Kqb6XggAwUPe0pZpKXersajlP1/SyY=","Y05OGS3MW5kSKjgPUHD0AHTDkrbetUc68tBnZEZXgs4=","bmddRYkSAucGHxdEOQRs/JaxQYw7/bZSO5Af+HhKkOs=","sJpWF9saQz31BRf2tiYchqA/pN7rNqlRNh/mdFlqqkk=","Ue1LSP9gbcGDyvCYci1wRqb8kJXUMrL2KYivhOUzjfQ=","I4AJ5+6wiRQHPHA5YQ1uDAemNTZVRVKPc89TcGJjVaU=","uGR96f9aKEhCTqj+ner9+43e3wQRAMt6K0xI1Mjz+xg=","77+g68Cuz1mF3l5a61rJJ05zPHs+Ua3zdRn4UDAksow=","8TwYyvCZOV1ndY/mkxksA+KGBHD94+qBg7TJY7ifqok=","c3AO+zbrVxOP8q76j0ot+wnsPxkTH5OBf7yykr6cUwE=","j1ZJ2259ArAenIKInSHBYSYQqk4qe/7KnDqkZxj6c/E=","s27K1FyxFtgkF1OXgYIXfdKIShwxI5gz45K69pJLO3A=","2WKCwU9Ck24+vGg64p8Nj8P7NQ0IYm3loy5nhlDIymA=","easZAydi0yLDpDsNsIRY8zH872SdpvAbkF7Z4gkxPRk=","pRxf/XR9f7Mpb0X4cv7p2uwzYz5Sv3PUjP3hlgdGhGo=","Hdl4VsXUKwNnd/kE+rDlkJ8TEn7AP0nIokvCUrqhucE=","r+BkaY9gHzSX7JEUToSf1OETwZqEArNzp5A9Y3aAyTI=","9fQcUPolcUON4yCx3lCkyCDX/NefaXVxqUSityRwwrk=","faMqGMpGi4wr0B5sqvOR8jZNGYI6NRBgBNtZqJuiJDQ=","yH4bQl0wez9C8HBNen31rdLGeUutFGoi4u5Q8oLdcnc=","4l2a9RERHEzYIgLj6CsYI2+HyJ63OO5GVGZ5cuyfsmE=","Ox2yoeDPeXHpoI7B0up9UbUGoT18SF+3WOykSi4dhx8=","BvGmJjhXFTfIjDwQJ4OP9QqLFiM/qlMniiRxQndqE+g=","JSjHdp+0KBJ7Ju1Nm6HDPlk2SudHPKTuzRnlNztZhmY=","FsMzDMOZ0r9dZSz6uSV4I4T6p66MG1byyOAPPZ1NpV4=","+qh34SAlSo6eGpRnIl/hVRBjjodfflmdZ6xOs0jQAww=","+wsl2hsupjlv6YHTMizq7MMhNW8Ug91mjJAXNMqkkXk=","05iEMKYGTzFCDN6l884kVEBnuDdDsaskg/BEeR+Zos4=","6BHZHzvhnZ9ta8MwHjYTC/lYxWocCd8HYhbSJLUFsnE=","smXfOVSF3ZiDmjnyIO7YErP1wRxBhQE2KPOg8gEylR8=","4H0Kd9X2vyfaIxsKtYuUdKQbgUeR1vfBxyNywval0nY=","UzpoLUy/z08mwPbaxCFLa+e4YeI2+hwNEWQPnE1euvM=","xPuSXO2YzeoZF+f5/fgJ/VBTUJb3v5C9aC0OrQ0V234=","7NI6LphsxtGxBzuSboF+UKo4aZYYHeXG5u7Mc8ZimZA=","9mhO+i29GrA1TznRtd63/RISjaKLX0zPBMfZIDdOf7k=","GIBzwtQmUeZjwer2s8ww5ulGAty2BB2UgnqvLESRooI=","FH+fAOpFvT3Auw19ZWbu7YY7DhP+zQA501tSIZ8TKBE=","IyiGIpBxmHQAH/GDLvQHPsTSDiEJjNZhMwwnbq/osLY=","WnGKXLMgR5XmDid10cRwThRwyCt/bzM7M7gRb30h3s8=","evgV5EAutGwPtyFDSfkkhC8LHQpXu5A1AzqpznhURcQ=","yBiHgY9354fGyXfwPEK5V1paxcB/MhcP0fF5Ikstfzg=","pYW53aRN3bzCFw1Q2lS52g87q7y9UwbAGAE5DmIaknk=","UxVnbkXPnJpeZ0t/zdeOi42yF4YY1JjECP1BvMn9L8E=","75IliyL7Jkid5WUiDq3HDe93Le3BIIR2MfxZQ80rX5g=","2Qjl0q+Y2cTP/Nqd3LU0VoyTZJ5Hz2Tf67OXBELr+bk=","FgykF5KGZl2Ty+Kj39NpR3VjhvyPTW5gteW+q29cTq4=","qtXTJN+ITfIWlsSipba86yDdpkJXNGe3dBUARi4wj2k=","ggAYnhZtcm+je7ueM869yQ9FbcDxXEhZfWPZQPkZWjM=","uhpMX9/r0bIq8KCf5aE2Ab4VdkabSVJ8hExl5Ah57l0=","D3Qg71F/Pdz/2RvTioPdwolPmzifdMc5SQXDDI3lePY=","kerY72ZYW5KbD3viL1jxfnW96Ur4sXixQ6Mx0hSmHds=","xK+r7yVqeuk4m6NiyNWEFM+efNsP2gyUZpYuJaBMt6Q=","DCmRemRwm6Jg4FVc1c+QRX7ksmuVANVmrQBxs6LC+0o=","yzjjp9uqdbAbSgDLFCB/af5XXyvKGoPV1i6SqBz7zOY=","knPBiXJzIvTPL6io4igiHkTa9jK+Jm6JD8Ngil5oW9o=","omC5xEBTZ8j18SXFo6mBkYeyZxOqPuPSPc8BCbZxRlw=","JvLVlvHxR2Mts/SD3J+t7PGW1lk/l1xcTldjs8iwnqA=","L8vnjwN2GMwd3NbWznbAajG8hkfTJ6QVr7tJtbpOQE8=","R/g5NJ0HiQMCc35KYVYXv6rDVchhoIK2bBhqc+wcyCk=","e9cL+Vie25VcXMxDx/xgye5nd9uDdhuV4YBSjSpHrJw=","j04AWj/9wybSAhODIQZntyXkjI8s8n21/eOoMVMnNps=","fkLIl0HWuKIE5zXxpS35rw44woT07quLAMXvM797GUk=","/3VGi83jrSftIgjCf1D97yG6wfXVW/GlhtrlvAQc3eg=","ubHXDEovx5FjcrnteXbyauexSNFu0crPEqmI/UUZhII=","msCcHQ1e5l2TiwdWRA1u3qvAVqjGnkxv22L5jT5OOjU=","cPp51TK623vmDnZe1XQ4JUrB1BHziRL/OFXJ1q5c1og=","ld/ymt5Ou4kWk5hFYiUCji7UqE7DTTc1XWJ4fPbY6xE=","b/sYmzK1Y5VoZ7zV5L92LVJQXVh7IiMhuHNxoKXFbl8=","ILc/XCwYJBydgbSl75NHl5VcfnIipPEku0+YPkXVhsA=","+JAi4zCUJqTu/WD67UFFaIoSEUAP/bdfkJkp3atNgcI=","EXBWB/sbZ+aMl+gjjXR5YbGGaSLj6HCTqWCfLA8PMZk=","xRMzVIJGpsOoQMCk/9Fvi8HoiyZ7KI2UUFcI5eTulF8=","bFoF91F5w8qYEefSvfTbp4ADY5LE78Op6akAwgBuTNg=","tkcws6lgqzV47W4pYcqV+5c7jTwQi69s/DDVYeT50vQ=","zU2WRP9zdstSP9RARinD78mA/GdV1uPIfXnBYJEexQ0=","vHxLBs4geRUZZ+qPxSk5ioHXBCLWvAv2wUCOkFxzaqg=","sHCVO8Wy1JcYa37y0Q8jbZIPw32OySOlL2oS01FzVpM=","CAIg3WD3C8Ynn+jPpw+9vfE5TOFFI8CHS4B3OJh9SEs=","59QUjAfhfcXW88jpWs2Pt24q0Lq5sPg3qecOpfPxDtM=","wE61VhiCQ1yzrEeYsTOk/XqZioUUX0uQn5Lho8vY1lE=","O/LvPWc0zaVfOe9uO3HWEwFwBvXg3icuZlgtlymSIQM=","yru+Lh34QNc1RZkjfRw9DENqJJpJpFeCYnyoaSnWLc8=","wXHVq7ai78ssZpt6mbLf7UEQa+YgINfLlRxLel7Tx3g=","yZlE9d/+dY2dQQPVRK2wuUVOf7QX+2nkFGxU9Otk2a0=","8X5rvVKVhT8O55NR+GE/W7zZaKbYh7EG3fX6EUkF14Q=","gWVePlQTw+D3ZvlhVvTCNrqh70Pj1Me9QkaDO/zmTEw=","w7M4/Z2KsxTKyBDf2asGaZw/OSNGynkSvbaJTABCfdk=","dx5Wdn9tLv5Ozi1U4dEGbvYTVj/IVTpjdBrgUVgUKiQ=","JbHKnbtIpEzc3nuI6LHAoAwfHj4B2gJfY3wN5XzSWJQ=","F4zEk4BP+EyyBuJ5M/IHBMo8S0kxhj2M7obp+gbWVxs=","bKUykBmbQvAFusNPKJu1N2C2WsEpVpStvo7ys0+1Dkw=","8WU4iJ5Pj6NGzzNeyMzuDuvrvwC2MJxxtP2aXQdZwQg=","HmCfwdsMJjluThyAobgaST8xX1h9yVgfW89jDD7HWQg=","gFFrBKWtZDqemKmPHHIT/nQlWpr4Kw/shcLq4JVYbuk=","/Nz048+1JWIpGR/Z9Vg7ViRU/hXfDNQL3sKTBnsX80M=","r3/feFjFcqgKcL4IsdQacIG9Yfd2JB5SubItDNFY3Sk=","TXDJ7CYo7j42ZjhoBshV42rS97+5W/v2wWKtjRd3P9I=","Ae2SnB/Wdwg/TG4J/kmBC8g5oFNrsqAWamYQiGj2AEw=","7hMEJ6Aljbc9eOtUpzlibGXyRAFfMe0Bp4shheULOvw=","7XI2ZQriFE+nGRK5B3LAHQeBHM7VO+4nM0g2iumkeW4=","SpRpwNFTQOFNQE1IjfpjIvwWYvfW9jon9N+IXq7sDng=","U3YxpTFekARZt/Zz6FKhh0bNAeqthLogPop+wffWxRY=","MoWRvzDUKPfGiaT+daA4J/3korZ8mzEjiR4Yk3IHOdE=","IljibxNTflo3OfyVmoLKUx3vWPKUxeDQuwN3NYLh4ss=","CGZUuTEksWLgzZNa39L2gWx5oEFMHdx4TqBCDDzpoYs=","nkZSyJb2Hv3RlykECJ1ZuGaYAHkOxYxUxBMc9yEBIHI=","2jyTiT/thKmfTHFZq27J5Sy3K9r8tRjRB1XY83BC5RQ=","b/dlTbkorZ5SzznalHXXmiAXQ7kCtFe7PPkdD3HNfro=","VDqH4KXdYI3/ak6JMFas3QcyiJEJ3a0s+9EV7DnUeH4=","sJ71wXZiiPjdOqb7mI4LxbxE7cbBNBOGeL6Eh5TDrHM=","DqPN6YU2fLV6AIV1HI994uSgQSI+JnVIDiQFaDyUXI8=","OmSZRPg2xr7NWMnsQq9k4dzdjGTPzVM2rfSnC49lFCI=","jGlvwBm14sUsslmMPEtIslwjoWOZvE07F/X1/wJFZQ0=","hZx8iI84jcalVF8qmeL+T7kiSTdXh87+BLXXyrE1z/I=","r3ozjMHQUa9NI08tCja0Va5QEbItyEwbpmTkrvF6q7M=","/SLV6TQfbwcfCzCV1US8AEYvQNRaXMv6e+4/ZCmtXUc=","bccNGuOfi+pHDiWMLd8FpC8MVmkefW1AQDaPSNaVPFI=","szbdBOhib6Srv6E55FLVL2u8cpAxKnMG7XsGEwx2uzU=","7xKmoDJRD4oELvX/W9AtF/PIK2NLS1giFivKAfBg2do=","KQX/ySAEXIQacUABIluX8vvEXbw5uolN1G6FuiVwHgE=","C0LgFbpAnT+7heVMVWRRINbqSWjjEAAjYSAOQWC7IJ8=","kJxitirnagNW4n8pOztoi0hdohNYJUwzluXsSNqylUg=","/v9+ystMQ7Sj75EslT97SFVaJzqhKgJkV5LCahqcNes=","O4hfeH0veUdwt/orfxGCgHzoUew6pvGYNX3ZiucHwLQ=","P78YXg8Cyti1nQ3PjWYF4DlOER0B+O/ysrbsw7Oy+5U=","btUrcDvX4Ddn6ZKjpkTl10pJ80I/XLRFedGTxP17WSs=","dwgt+nfrNd/mULuVCVZ2ErcVSDc5I/jT0S3ioNkS+kQ=","IQ5ctu5RjJ99RcBHsiOf+DqzZ8jhDrcIlgRGhGmc2y8=","QEA8SG2nU2nJuzpVTR//uaDFEFJJm7Y6VWZa1yyNv7g=","gFCE/+JsyfuoMXROUvPC26aruLhviT8SrQpmM59t97o=","f1bGdEsWyzkSzRJl3gcxO5AHWe7q5BC0/jvX/PX7RW4=","ShV84E6P9fFusyenrDSma+Y43cCmE8E03nJQeYz4mVE=","EjPwsi5rfxbEy0whydrM8yEbNIbofNftqbUYdzt4UXY=","zHQpSWUI6b+bYVhHglHkb9wTidQMyBUFF98LcEw2TKU=","nuOu7QX4LAOwnDfifhTtGUS/kMNABBut4eTrBTbR9g4=","zWR8twebHXgNMbVKHqCzMYpbTnrx5swHBFjvLxAGSYg=","RyRL+bmw7Tl/Lkxjx+O85rvYwU9pTqXQqM//5aYGP4Y=","erXWGV9PKmV2JN2Yxsr8c+QjcNb5f/JxvcdW22OXGoE=","ZQ6DzXaxc2wGbZfNgrw7p/RQ0I3EWAlyRGW/puHrAtQ=","Y+CkQLpXziDNgX3gdeSU/KtIZKVwjNaCEBmTgVLKZqw=","pCmx4M5zIpcpC3g6a43hgn1kT6Qom6GG3VlJWnISLjw=","ns52Ntks2Y7vb1TlTTdf2VAQ2OQkif8oCvBhAEwauyY=","LFt41IAeQDp0ldEnRi987CXpbxtIbqAgdca8VsFyZ9k=","Wc/Cn5/0Kb92ReGCgyM4eNu3ggJGnjMRO3Rjh2YFM30=","fDe1wJDuqBHdFekyxwU10Z6sS+EQ5bwGObsTmk5iC6I=","gysvRwTEMLIq6K1qJaLyPy302jGQRMs5RVH02ILreyI=","bkU62HkyUqqi8QqjjqolgNo+AufK52+3sQJfH6T+tLw=","cMgTSkwxAar1QJ8rV4TyDtmrwQyV4IKhz7hkufeTquU=","8yYFFYLdjfF2b0CHn/vlsWLAkxwnq7iI+O8BDUscQTE=","s0COZXloGlStEj6X3rcABZhuuk0cFjkn5H0S6h72rHU=","yiQsE/Mpz7F4J/VxbIfakp5xaJOYMGieHCjbPuybARA=","5xRfxAVssgT9hvOdjuSq0c9wx5VLXH35zOI7awhWMlc=","eyLfDI4vuvoOBWgUoCIWNaD1RsGwMpPUozKWscWoEmI=","GZjPUnvBbxeR3jW75HM8H8PHIycuWQ3sgG1oqCn64K0=","fiyW6IvrorY2Tm9l8juFW8wHpj4n4o5uUgvcsLgHNaA=","CbmRNSDV9szTCsEu+smR69hOiDdmS3NmdDxKHhfm+TA=","D4l/HK/npnvjYXZhox+TZe7rNv2318s0fy9YmXFPi7Y=","GXm9vDYdF9szAS5AoefZFwCHVi0+nLttj8ZGfhZMjsM=","GaqBL/a8kbgRSBQonSTfdTjUybPduuSPU0kbUKSruW0=","65jz/1aOLlHM77GTRqSAwfGnORxybrElFTDUk2wu08g=","U+hgMeDOKllDMu1sQwr0fhkZPNsIqP1J/ku3q+AuOas=","xM73SWYw8+eu73PqGejSuUKCYzXL5XALAEWwYxa6fc0=","W8zYuiN5HH8/zzD859mfoiOL8jtqaCipEHs5d4bfSTY=","hBQd9ZJdc/RzKnTYQl7XXkVGAwHq+q6XCwF7tZX1wJo=","wrqP5OG+EKdm3+U6YoBScFTHNsD78THII3vcB0HGapQ=","v+AfAHFakfWIXeh13FgaVfAMBdIJz2M7kYa4giTpBvA=","2CpDQNh0vYq3odpldtMzlePsD0DSw9SrurKNqgLQfa8=","5Xh8ZGO5xXUqTWr9Vboswq1HCt3HedCxdGovEhUeR9w=","rV49/+YOcKgC3CBuKGFPQ01v7LwI2aEeO8y3o2CsWbo=","2vhZ8suhvne2ZnwZIOYmU7pfMN/41negLjCTt7pp1bQ=","9XWW0q3XG+LHcnRfcKr/4l8f6n5uTAVqUnuePEZs2OQ=","pkscMMtIkagU3SaVkBEVqb1npy+X2hZaGbiMngA4MSU=","RNHqisuPTZWiMoE2y88gEy06TE5PeZIoMBcvPCkGlKc=","t8nSbBY59HyZqhPvGNlO4Vhoo7DzyYXyWDgjXk3yoik=","IjasaZumvYcqB7vXnTmZfvu7UZYtAxaR7L1WDMAP9B8=","65IY+UTTZ+f1l2KS4GjusLOMBbm6Yk5ywFAb6U4+5b4=","dRFFuFgt4SdkJ52zf51uQEMIbuOhi5YaAhPUoZV2TAI=","k0PTwz34/xiMQnfihVlaZ0qPKYF7utdBUK9s5HfhPd0=","ByPApXpshCigDaec3u5AwDt1tTq76DyZuIVklcHZdTo=","sOqtL3mcqHqPJyvlkFGuccy6VbgeIRoVSnHxqdENfQQ=","ZTA+7zOFBqp3A2M+B/xEDWV1NRMb9j2/fbuGQErfmgI=","G2uscSekj/eO3t792niCRhsQOMAOKBJHuYhg9E8olVg=","+h2Bcw5YPFTqaiL2T+sR8Os6RrAD/86Kn+VKn6qs+sQ=","DWHisnFfxhQM/UkCR+0DLPtraLs8H5q+tSNrCXq9o2M=","1JCPcQzxpeCeknNiDvuT0oGftvYjDJfHc6YVGK+qcdc=","RI8Q3y/QsyoGe//qz/awf3krSJmMVuhdE1KW95kXQtI=","ZMZ0kmtuFKEN1lyaoGJLOq3g06jyKKKrcmdGSImD6Dw=","q+028hFjGdSIGNLg2NxuDMes4jI/VktwKcxgJWcZlEg=","D1CCTSjE59q3y2LkvUKnN0UHENs74+owv7gCiv/dA3U=","gJAQDU3unnB6lGNHGD5yRSuiWCfuUvG0i+OOJDb7BVw=","1c2cdBTLMB6uVu+FNjU7EtN5i3W2cEVXkze+kv2QNg4=","y6qSU+U0d8NnvlTIjg+cquoMPoajYXIIwnF1AeRxCmA=","6vTFDYoWdbUTKpaWp4TtwYNXWiuIM+UoM0qmCEXU/vA=","KpDaKCV1hrgCKHth+Jb+dy/Q4qlzIsgr/Ru6jOWs+jM=","Bz0j0ucl54IwDHjU8iZjmpqVRFUJIT/JMuHs7ZtbCIU=","kodf0zvalccq6ef7icrCnrLtkurj/Ef4hTDgD68RdyM=","6B1VnZvjTDG3BhGQtY6uICNpyQ3N+eKBo1+ojzFkZnY=","Dw+AA0VrTdGjrYGj5XzQT3ADeJh5xluq4cNWZ3Lm2Ic=","CjDI6xuXb9J06iazIeg537AfjIoQUJEcd5jXAikuwSo=","vrmrxn2amhGEYC2el/5kmu/+SgNugzdpdO6xxFN4CII=","IvGZFdw135f2JW+XHHgH5ve6QGcCd1z3fyQJuKbSaKI=","3Xd8CKtMUigs7Y8aplMyzEeuFpA3hkwo5Wz0T1MzMwo=","EtDEahQwYGYJnnEIx8KFLck8EF++oFm6x3UdYxpwzy4=","1Hg9IJh52cS6mqnd0bE5pcQzQ/8BZbRJcz01I4EJlcA=","3BKMYDUkyLPj/BeaOK/7MKqkA5XlEB2e0YlOuSz4KEw=","ZPxwRpqeAmhyQ5i6VfwS0jHfHqpz3IuAYtxmOMJpdPQ=","TffAdEqHEyQbdmke7XGp6IKWQTE1WsDeBKj5dexJFSg=","t4BG3wmA8m2GOnO1e7DOMKSqRTdAs6QUAKtJ8OsNtME=","jWPa0Z8556PadtRsh7A+IcZuFpEpR4E+n5Bh0Gzy4oU=","DfO5atAu8KWzdR7x+T2vm9Fs67QWfK2lT76x7eWgJ08=","ldauFQmT8Nr0t5yJwUECGhG5eKKPyVgglqhCEQ6AuGw=","qwjriWnhSnkfb9QJSZCZ3GFUVTqLf4PSPP0pY4MZDRw=","Pyfn4dDAQPuBKN/fdFnUNQ/QOVEFGgSuV4kNbnz83MY=","mQNDyP1yZH7HkL4YIBxaS5vchx2lgSv6/KOZ6vyaUQ0=","fnyKn21GUbpBtAijVpN5VUym55VhCxc6drAQtTsaN9I=","9+xiiBgfoiABAOhuKPU3VzfRKW8XEnyaOxiwREParG0=","ilARJtrSJGA4qCtoK4LOmi97m4jZW0RNj7hikQ4GV3o=","ihi15tOL8QzjP6i0M+UoOqRIXPsH30XHLeOzNcevfmw=","8hMntLQDMx3c6WD1IU/6gMOlzdBBvdNj7rrFKAKsrng=","/rYAybfhTxIeQa+VBMylb4WLdSpbkgSYqk4V8B3OS50=","r+YHMiRndIsIsKQtzw0auvWfjbZN50lHDK4r7BiGiAE=","7eR+cBs/ZLga7qztkSbwrV0EKjK8q0HL1pMLlyo6MIY=","bGGpat6H3hmkBAw42vnpXvm9MdYytwSOnX9zpf4ZCjg=","G8kAYS7zJgRtEKsJ9rfQTMszVnfeATQC6nTGOzlHwfU=","pwghwerMGbM8Njllz9meGueRNOEvH0YsDPtyKgnbsi8=","RB5BEk5O4XmbJ+BcO6r9xUoT4fu6AYXKSziO7rkvv2Y=","y3iMAxXrcX9X/GZI4Evizyjmpc3NQNTa6kjYdqJTW1g=","PsuqEEOD4pc0ypSMmUhLx+O/mbtoV/IOblFuDV4B/8Y=","rmrygH1070rBZU7K4QyOpW2+HcHzAFXORxTRJq/4Cic=","x3KeaxIhKJiGOj+aBs56PKorxL6lSpBxukTn69t/ZCc=","jWLrmysGryFMQsmkNl29QIwo4T6AqJ4OBz29TWKwew4=","eYFc1/2HrrkZATdhb5zdZE/fo1pbPZQjf4Td4jPVq08=","0QrBnzJeLl3PHSjsp0ZtevyaALgSQtsHTxSUGOStQWg=","wlWmNlGbaUFa2TWKFtXLVREOzAhcUkGv/JeNkhtljE0=","SZDh/5G0Uz6n4IwamxXQJ9+motN4JakjUdL8JGESQUg=","JC9GLMVa3YmfA+fMDygdsR/m19Z71vOi0fLXYK2cvto=","0etf9Sxk7JpgVvviAf/BV0Q7XnQFGLVhCUxTccya84s=","0RdpBSfwWTZ0rNtXTrswI8nv6Kq2zS8XaSUumSRWqPE=","t73BiQRAkUpYXhJCkg9uH5kSqBOctEZ6jARAjomxuhQ=","r4pR592iGf18I02XmNx1N4VeAZO/l2dyRq8T6Ym+K7E=","CK+xuAOoavIfMrQCSWFDdmAl61/6RBMfVW0w6c11Pf4=","dgPYe1O4ZYozt7LnzWaptoQVobD/VJD+tF0eNMpg40A=","3l+KVuVgEEBSSeulHG15IbwTHfXq4xU6sdU9vbwMvCw=","UBOFgIptqeM05Vly+cPE/ABgreHFyJS7m2qQzs6KROk=","bbRkigc3U4EAmSjOfriBFymKcR6f7GsO0hT9m06c3K8=","hReUUHGtpmYGATF2FrAAPtj5CAlvOl2lYBe8EMZNJBQ=","XoyQ4QA4pLIQ4OS4fSnZa6Coq0AsL4M5yJrSP0O39vw=","uZE5irJda4yzJu2v3ZQPKQ27EfQUhRb0YW429c05Rak=","b6hCoOLsc786RuTcd98plabHv45hVXrBa/QzBp/0Fb4=","e4TLG05tyVaeqkXh42hnJz5F0sJTJt1vRN+udRiL6eY=","Uz+b1AHIMgGhgzmCPl9M8ezmAcEbXRUcNwS0kUZExo4=","c2jr2W2qyfKWkzLx+LjXlS0YiDpICQjujtvbooOqzFE=","gzqT902E3igmyrX6/3kh7WmJLPo0CS2dyeW5tdw8VMg=","ZbvciCstapgfc/RFefJ8PU1VuIRYFAPsaFPz2Tw2fU8=","VOicGKVYOhRhEeSZvfzCqHF/Fx4qNhBGm9cLqybKgK4=","PDkpsQfuHEWmg+imzhV+r0+fvhCb9n07VP21Lx9oli4=","P+K5cV0jxamr0ZC59h4d3lMAzJ3gYDNfaoxQS/ViCfs=","RvRqxC5hBVSqBLxNg1rTEPMFKN9HZXFjUTUHi+SUy/M=","7D/f9V+gjLR+1+8ZfyjsfBtTymIYNmFhHwr42Tz9BBE=","YFy+I3BHQcZdDgc7zqpx0w6gi7sssB2xZJeKu+TCn+E=","OctnsCMxz5dOb8/jO0Sqom6WiZ0HkmB58mb37Vo3pNc=","It1qrjKXcpknJfeQl+Hl4KA1E3Rf0XmoJ+Ufqt7IuUY=","BEGYvgGsAmX0m374KKeuO+96XUiZm0UuWGsONo5rsK4=","p4qGSngpnLn1PRRP4NYEeYnYIEnoMKiB46FFqR5GLg0=","iyrAfsmSp04fL7MsK0ehZEraW6F/jml3n+M87Y36VeM=","5Z0njU5sa7Z+rhaK2m/6w0D8ZIDpA8WkXAPGtn6IZW4=","NO25roa7Nd87ch4SYTNgWDOPXfkRAK5V6ayipfmKaDI=","gWdkpvfapiWFfUebYVcDVr996fOjtGk2+WaayWju/3o=","/5m/+hQC9+eyzbbiMsA7pkQXcnOdWRwb0LBvsGMF1o0="],"block_size":4096,"path":"scripts/background.js"},{"block_hashes":["2JJa1C25ZbLozYLQpNygomSWNVFwqmd58WcI9psUopw="],"block_size":4096,"path":"scripts/bedTimeUpdate.js"},{"block_hashes":["szMbO70RXpSh0mVqcoa60Sat6sSddSq5oZVWSs/tT2Y="],"block_size":4096,"path":"scripts/blockPage.js"},{"block_hashes":["0ueYsKuDj3KmcPjgWQMlozDmhNH8StJj8juoJrmrpXM=","9ejokCIcYIFmOtMrBk20rp95m4KLdW2jnGYMhhg9pf4="],"block_size":4096,"path":"scripts/browser-action.js"},{"block_hashes":["69ntOKSRRYTBQ5cU0bTaXndNM6BABTeg8kcBphFlrFI=","rRW6Au1KCIUiqdTtHYQ3jsWKdwE3L1y5F5vZLCxd4fM=","Fz4gtuWwJu0PfEf35H/hIovtut4p3siZyg7Q/9sN+3M=","wBNzXnECHtb7ntZq+6klBXw372x2Gk4uIsqXoSm6z+Q=","1pdJW7McNjKdo4svmnMcbT3q4xvvIXZcV8da6XxgWDY=","9dsjeMj5hT0e5WR29QCM6g6IPmYLMEzRxjuffIApYco=","LjjN+lh4v/mjyLbXQIP1hRE2Xx5Rp+lemkwkAaFmjwM=","npTKBWRd2nPz2YEkkTLkqwDf02yBzDVwVdRt2VUa1ck=","1C7P8L2NeydLBRZH4zKnQZhsGFW1sXpj+PyZ+EbUhlE=","gAqeY/lNqbGHUm6rghWILaxN5Qk5uCmvre6CSQ2eNuc=","RVyrjzNoVOhpS1cpW7GTrWcEU3M33K3fBNaNHs1BExY=","EnsIKqJTxy4LrHQQer9n70FaFZIhzBK8y2doYI1brKE=","1KsOE9UkLjKqxq9Xv6HsETLTvw20Lj0Hpw08yS0b+fg=","hZTOcE14EeHfFs7bGSm+xKtem5+VL/VkKAvudIZDWUs=","+jCPqxJYPu+omd2K1cWSVMbt1VI/glMQC2c/BgLtHxI=","PUNuJdD01heE17OvBP/5Zxm+aQqwgwx7Kk1nCCdGJaY=","Z0zR4uRyMbIjF3n02ndhYS1Yyuedg86BO1usabKsV64=","on6LLASgsZNgYncdDG4OWMgwuUPwz/croQuiozJPIi8=","VCEyYu930ao4Z4m1HAOyKBSIfoiGmGjq9KtzqS5ddnA=","iec2HITEWgGjoH+vdPlaV48FnV/ZS2daMVrh6zMrAAc=","zDBLve3+v8IyF65YcpPHWkXI58sStXOGsDNligxoMiY=","ajTN8+vZJ1lwrW/nmFuPs+JPRMRdaFIEeS7BKAkR1Ho=","eOrtynwY2yaSSckChHDwct5IVNR2hn5O5D13nE6aNlo=","7/8Cx/GhXbtgqE8VGlLrLhQW6Y7Q9W4J/huuSx1NwMQ=","9+j8k4VyIu1UI5xTG1u5O8FeKh0A6OjaPqM+R2JyHpI=","Z6OGGIFnrmOcPRPAmVgjEydCPoxC3BkTP6y8Fknz6GE=","/AkDVwdxTULsH/KF1xCBHSPqfNlm49lPd8R9qw86MBY=","tld9tICCyOigGdRuZUOyjXIZ+KShWJ7TLVRJGFBoxn4=","eQojtQ0PlnGVHYCrsoUReuDd0u+PUIclfb0PzeWBh58=","/GnlX0euxcCv28/kjoCoIqPQsLUAtMnhZ+kRuWo73t0=","XJxTD6dxY2LOzWeR/MLKoJCSMOHFxfCyYt2MkB3IW2I=","aRDL8YCsEXGQ/TLA8TyXHu7K9mtoVpm7eN3DfAPK/PM=","PFggt5VdMb9+QA2PVs+Cbs/7FSA5EGpUlFvRzhl8Tdc=","JOs2w9w9vccx03gP9DxsPc2Ug2UeSrlkOZZdp2sFCz4=","416czVQXhftBW0yaXGQBaWvkZ5g8dGr2Hdyg95Klra8=","LrsAZDcFW5Z84D1McgaJnjoXYeqm0YEE8pTsdI3RGdw=","Ci1uBU+OyoD8N3OIrJX2qwhf2J3X9S7i6I7bjbFq5ok=","3uqwNG+cmm+Oqvn3p+L4UqMGKsgDRZ/RQfZHWJGaTBQ=","ko+VODv0rQlCFJheBJjtD/GFZ/mmfsOraH+WBzPa1hw=","xDuDJ+5CjnDcjhdS+qVNJ50wVZ4Hr+h1TxYjVdo0Ofs=","YAOzfgKZx8CaqXbbwsjBbZtw5Ma2/bcFFNGOqUnXNhI=","DKdueaPi86TYbsHslKxjxsfXM3KGMjNGy+D4+Vr0V2Q=","/3GqPcVC29UfG/AgEdRI9+57kbmHgSxY8yPvM4UWUqs=","HGXC6BSXB8+XihRSIz0uT8zVmZs/k8a71VfXR0m96MU=","l7rCoZWRFY6z/Epi8rK+YBzQJ/0Pkgbpt08DF6vWzEA=","JT3rgB0j/fdUVJpYvtxrKhXu/pt80BJ8L2GngQ8xNNk=","OYLNwPgo1eRCVzF9tE2KiGLQwCBrFT/2BuTW6zEFuTs=","GfPQzRLkasQmEGy22v5VHezQzDuUSUf00KDasK1mjM0=","R9RzRZJLczwwCJsEQnKBY9taST0oaP1rLHeBCozNCvw=","PderJWa0QIFx0tLIN0csbR+PO0ZgewAU071ELytq01s=","sqHy1/+LBsePOoStdYcUjEbIcxSnh43ULYl2kso/u8E=","c+OiYq7DiGGZUrji6ge16a4dGkfCJu5UyDq7WGhjZao=","6mKuhT/nt6OokGdkI1Eya5bokEgUN/MZu/Yt9Gh3wB0=","6osIZVc4mdXLWHqthBL3zLiRK9jGU1IxF+LMIVgW9dc=","tUXqgjdD0dq16k9IGjpMuYiDSCqpyOv5plMknpqMuaY=","Z/VQm8xbwTf+aSZ3xdx+pgqEqiAJjRVKMvpN6jTbLXg=","zhAJNHBVJtpk7SDGbJ4CtdCGuR8ZQP/ztw1UGy7CkkY=","K0e8D29K4xtcK39hEQ8Bo4kVLcLZyp2N8dgoerFDBr4=","FoWivsofDpSfp9svRnC3fqcSHe86jbNdimXmhY/twXM=","xd14quiACkUGKnLvVHaywSt9ZFKHKNHAbanUdvtaqdI=","ndYpGkorXVFJSnwSn3FMHpE/8Q+UJJaexaNqPaESiho=","3eS3rIkqgxeE6lUdtW2vFf0wv/UmeYHoic1vEWtv5Dk=","kinGjlmHWPkE6/WrkREYHYgIbfNvQXwz+1aN3H3ASGk=","/Q4J/YYvpNL+bWCFCvWOZpgYYhBW5v4G30Q8aZxlay0=","RGiDCy6NHTGsb0LQfl1ps5Il89uhiypGIy7Eaq7nb20=","r6R1uNFdsM3ToSJzKt9LJP7N6s4BlZ0/9q9H6/kcEAo=","GmsRTEGHAXxBoSmDaSEzFcRFQp+MnAEffww5mC66EK8=","hTPkE7ufHOjaFKTSEjei67pobkT0yqAcsCX/U8AQNZw=","OleS+J0sTAgk9A4gYRSGA5nGeWhNoepv/1Zl+WaLtUE=","FuKe2i4nxteUu0ARrzqnpck6hnmW72B1M9QAVG+1H9U=","AqXvIQFIOwOUk0lMO6jnSTnL6yDwF90wj1/N/4xv5eg=","vp+iO1IGq2jx9MZzKOT/pmQz11v2YUPg3myH1CMnpMs=","CiUwAt0qWupzXUY7FS8zI+irIzMjh2eVkNHgZDXv5DY=","i7lI8ajNnE4syWEBjWLV08QjHL3bq3M1xVuj4UEfYec=","3L23mdAlHO7iTkapSaNo5xcmKbli+iv4/9v4xrVsxaE=","4HO4sBslpNodXc26yZd/TMc9C+U0SKKxUdWnnBep2JU=","7fLGzoDYLFYtk5Y5IPpzmUfhfZPgL0+wg1oQoHaezT8=","gJ43wreONJm6D9iNcu1b9H8vhxVnXr9jVBY+GYhwPR0=","evCFsDNCEvmZKi36QFpyOc9h8MPvb+3Wz4u2y4m861I=","6lm1x+cEa9C8BmtWpyndDoO7ftggU7DSIJg9cGwlsHk=","iHwLRhI04M8ozEztloO2a+H57iWSXzZKoyxs/RrCg4Y=","lAgh1o9jcezD7zaJdO+hasZQbZU7SsKnThEIiRGZbZ8=","00B+eVvZfyms60V1nznoSh5OHibYtpeuYn3zOonnt0Y=","dTLq6cvvm2TBrz5AlP0mpLIB3dbgKmqW0BVVolYepjs=","2xGwm8LvCo9gt2M11uYDK4rIQtHa2wK9V1406DPIv4I=","fBauS/VLNs6/uNyHwBVD0lKWuMumllaJ2mlYEXLgQ24=","O7oypBtryVYr/Z1oKulp+WpgcJ/Rw2vpUIEjgG9SxMs=","ISmN61LI6oVEZH9SDdE6d3DZEWcZzmoQFkv2bIo8zvM=","SvMI5cHeLc7OslFhpLdLebX331P7CIqTAG59cejga5Q=","6Xi90Uy10wT5sk9FrBYx2OK6aF5Ko0+7pUBRr4TnXYw=","Bm03BA27KdRrf/8RgeUc0Ki/POIdAvwN5OaSwKIZpdc=","jn1cIZa7NQo0bT2692cmlRvjQNBK429x5XkweYVLn+8=","TTBdGDcKlSH8S6Tl5HUzUcO+DS29jc20Xf2PTRskZkQ=","AID2p4aFrTB7+nXg5J1yqLSogpwD8lfpy2ioOLpx31M=","L8nUXH2DOnfmhNXX7H7Sd5GZR1wcBGn1C066puQiCDA=","5WQy/zm55AxZGhKOKkYmwH7WW1NlDeP2l17Ou8zKvCE=","OYDUIVuaJvMd/8xEcdhcMcRgJGvLQKcQTRc2EQcXnQE="],"block_size":4096,"path":"scripts/cast.js"},{"block_hashes":["LvuhQ5DToaT0+ad5FicDIKL0g6KSuazsFR2YklxlaaI="],"block_size":4096,"path":"scripts/classJoin.js"},{"block_hashes":["Dz6rFUthFnK5XljJlBeeNdKz5Zf+ixLcPd7RhVATxNU="],"block_size":4096,"path":"scripts/closePage.js"},{"block_hashes":["+H10OCAjctRn34BtjHfQXsOAA3SYz84i0oURKUJPNGU=","aJSHSq1b7W1waT/IZrFVkdiWGwkcLY/kWnU98tfYIYs=","YE1zgw02Tbp/7ErvDUwFAVTC2Ti03E84qpXROdqZyhw=","wBNzXnECHtb7ntZq+6klBXw372x2Gk4uIsqXoSm6z+Q=","wRLG7zw2WGYtuPtf9KHHPFciAiEtukSwy5v2awmYpFQ=","8ebjrHw9l4nxGsTpBAMnJJ+Gv5EEQ4MFt1ypJa143FI=","ASncScgUICCSGpKkSjDpplBQkaFTiPaHdN8cq68zF+4=","7UdzWJBcxNOH9p6zxlqjBwOrUaKDtRpoy8F1eb+3Ypg=","LmkBRo4iISD9yUDf6EEDp85UH2Szt82LtSNyWXFMk9E=","gAqeY/lNqbGHUm6rghWILaxN5Qk5uCmvre6CSQ2eNuc=","RVyrjzNoVOhpS1cpW7GTrWcEU3M33K3fBNaNHs1BExY=","iKk9oswFQe7NQjlwg9b3mzUg0LJZttX1leT+/uDJiqY=","w4eXz+fedrE9vtoYV+I7/0oTlYI1zXCwY08Pccsri84=","hZTOcE14EeHfFs7bGSm+xKtem5+VL/VkKAvudIZDWUs=","M9NTsIoo1teBtPKeXgSTITzLjNcX4aEwDfFqecUI9BU=","LelPNdVTUMcqz5YAQGp5j5Y+Ca0PO65yqfVJL3w6aps=","Z0zR4uRyMbIjF3n02ndhYS1Yyuedg86BO1usabKsV64=","on6LLASgsZNgYncdDG4OWMgwuUPwz/croQuiozJPIi8=","VCEyYu930ao4Z4m1HAOyKBSIfoiGmGjq9KtzqS5ddnA=","iec2HITEWgGjoH+vdPlaV48FnV/ZS2daMVrh6zMrAAc=","zDBLve3+v8IyF65YcpPHWkXI58sStXOGsDNligxoMiY=","Zdms3a6YVdH3dbtmk0jehR24q5D+rZYe9tiVtnwBf30=","eOrtynwY2yaSSckChHDwct5IVNR2hn5O5D13nE6aNlo=","7/8Cx/GhXbtgqE8VGlLrLhQW6Y7Q9W4J/huuSx1NwMQ=","9+j8k4VyIu1UI5xTG1u5O8FeKh0A6OjaPqM+R2JyHpI=","2NfsRqQegCFYh6py3kL/GVOTe3lFaD6ckkaBpwXwBGA=","tocJltj9HZttZjJUjS+LwKGIyNRWTN4a2EpHFuHAMdI=","tld9tICCyOigGdRuZUOyjXIZ+KShWJ7TLVRJGFBoxn4=","b+1Ft8HFvm+0hZXMUTfxMmhSECI3z0zlQFTU4N0DYRw=","3wxlNb51BVbge49nLtYDUUOWVkcGSCCuXPQaeWoOAgc=","G4YX+N1U960zuvkgphqE36ugzhTIl3kZZi1rPDbRuxc=","dl1wrv/eOm/8FDHL4kp1dy1dsaGSb0Ky6s5nL0Yu7pI=","woG+DZCv9TyFGzU3tIfVVBXLbOru+pUZ0kMXdt2s4i8=","JOs2w9w9vccx03gP9DxsPc2Ug2UeSrlkOZZdp2sFCz4=","416czVQXhftBW0yaXGQBaWvkZ5g8dGr2Hdyg95Klra8=","5dnouTc2ufqCvPfMy8rPd+SFRkYSivsl0G0L1vmsGKw=","TGmTk2gR+A8+CFZMXXJQx0mrw9fRUP/ij4n35hgfDFk=","CvgKEpQITXdPjrQF49pLYSFLu8O3pFC8dse1hIZUsow=","ko+VODv0rQlCFJheBJjtD/GFZ/mmfsOraH+WBzPa1hw=","xDuDJ+5CjnDcjhdS+qVNJ50wVZ4Hr+h1TxYjVdo0Ofs=","FZUsonrhO0paU6NwX3WeKxaEs7FDEBuufHVwJm2aIrA=","P8/igUkg/HFGAN5+hTXIYbfIcUlumtuqUqqxLsY9ey4=","k67AiTJhEduAVOGEqViPa2vaOc1lx7YYYCYSm5VA58Q=","Ownr3g8O4sWjiuPqn4q4amQps+FggQl4x4QyEBPbvOc=","ewDdMzJa4i951m+uviMkdyKMQD+Be1AZEd6iLK5E+T8=","JT3rgB0j/fdUVJpYvtxrKhXu/pt80BJ8L2GngQ8xNNk=","OYLNwPgo1eRCVzF9tE2KiGLQwCBrFT/2BuTW6zEFuTs=","GfPQzRLkasQmEGy22v5VHezQzDuUSUf00KDasK1mjM0=","R9RzRZJLczwwCJsEQnKBY9taST0oaP1rLHeBCozNCvw=","PderJWa0QIFx0tLIN0csbR+PO0ZgewAU071ELytq01s=","pJFPPff5w9F1WWSrjqPUCnBFR+KNSeGNjAvLJ8/q7qY=","clLF/wM6foaUSI4th0pcVXhICGMW6D1GMLipNZJWBQs=","NbnUJmu89P1mZkdpUWYUQJ6WjKljFFAYs45W9iX6VIM=","JdI88d3LNBQn9bA5fY6znGVkIDGPBZtPq+uQh1kjWwU=","Nn/uorWLUfwmhonPGTnrWdbTSlme/6Ru0hSfoHFQVZA=","64d1wNpIShyrZZBdkfRJldSVdRhtkABboEVrc9tMdMw=","dhgSteHGBKmq8rPUmUDCx/HhFTJBcQUPOECKmu+ItfM=","xDNFnmmDYz/AlSQulAvzZo4P7R8owzn+81Guy3bfs6w=","FoWivsofDpSfp9svRnC3fqcSHe86jbNdimXmhY/twXM=","xd14quiACkUGKnLvVHaywSt9ZFKHKNHAbanUdvtaqdI=","ndYpGkorXVFJSnwSn3FMHpE/8Q+UJJaexaNqPaESiho=","3eS3rIkqgxeE6lUdtW2vFf0wv/UmeYHoic1vEWtv5Dk=","kinGjlmHWPkE6/WrkREYHYgIbfNvQXwz+1aN3H3ASGk=","/Q4J/YYvpNL+bWCFCvWOZpgYYhBW5v4G30Q8aZxlay0=","RGiDCy6NHTGsb0LQfl1ps5Il89uhiypGIy7Eaq7nb20=","r6R1uNFdsM3ToSJzKt9LJP7N6s4BlZ0/9q9H6/kcEAo=","GmsRTEGHAXxBoSmDaSEzFcRFQp+MnAEffww5mC66EK8=","4W7rfc3TS7gotDE3dxVbRwavUfkci7cf5EUJUbfcYH8=","TejQuRfnyaxbvqV95b7S1/iSKXjuDfPqcwRILPFmgqE=","A+AC5gO4JMzC6wDPsca/IA91XjLrNSyxjKWJ/O8+kfM=","7JVQrCBhhqsMB/+yq9E6RLsBSr2kcKkuxrGrdCBi/Bg=","K5ViqkPfNiSuemR38RDXJNDQKuW+rqWcY9sm9MbMW6c=","CiUwAt0qWupzXUY7FS8zI+irIzMjh2eVkNHgZDXv5DY=","i7lI8ajNnE4syWEBjWLV08QjHL3bq3M1xVuj4UEfYec=","qnflyZY8N1dqxsE+BUO+Nwli2xCgzZP0873s8s433xE=","QVeWALCYfJiOGevl/lyx8k1ZGx2pHatIK/XJR4+OhjY=","7fLGzoDYLFYtk5Y5IPpzmUfhfZPgL0+wg1oQoHaezT8=","gJ43wreONJm6D9iNcu1b9H8vhxVnXr9jVBY+GYhwPR0=","evCFsDNCEvmZKi36QFpyOc9h8MPvb+3Wz4u2y4m861I=","6lm1x+cEa9C8BmtWpyndDoO7ftggU7DSIJg9cGwlsHk=","64C0nCIPQTKY8vM35w0HxJvkeJnHe+9n2vZCo7k7uLA=","lAgh1o9jcezD7zaJdO+hasZQbZU7SsKnThEIiRGZbZ8=","00B+eVvZfyms60V1nznoSh5OHibYtpeuYn3zOonnt0Y=","dTLq6cvvm2TBrz5AlP0mpLIB3dbgKmqW0BVVolYepjs=","2xGwm8LvCo9gt2M11uYDK4rIQtHa2wK9V1406DPIv4I=","1grpUkFi9aJnQolImW/+2fo99Tr3coMDwShL7VVFjFs=","O7oypBtryVYr/Z1oKulp+WpgcJ/Rw2vpUIEjgG9SxMs=","ISmN61LI6oVEZH9SDdE6d3DZEWcZzmoQFkv2bIo8zvM=","SvMI5cHeLc7OslFhpLdLebX331P7CIqTAG59cejga5Q=","6Xi90Uy10wT5sk9FrBYx2OK6aF5Ko0+7pUBRr4TnXYw=","Bm03BA27KdRrf/8RgeUc0Ki/POIdAvwN5OaSwKIZpdc=","5dBywpDhyj/+DMbry7cFt5W8bseYVQHTJnwrMHejOC4=","S7TrzL/BX66VaG20aXu3HyWKhS7up5U8pN7Y207AZXk=","AID2p4aFrTB7+nXg5J1yqLSogpwD8lfpy2ioOLpx31M=","L8nUXH2DOnfmhNXX7H7Sd5GZR1wcBGn1C066puQiCDA=","lMMWc4gD53tMfM+A1viXM9ZZwGWPNqgL4wlDLwc4hiw=","O+6iWvjs20miGF6w0WctZfXiGQX+gVPUDWewkkuwluQ="],"block_size":4096,"path":"scripts/conference.js"},{"block_hashes":["gqJ5I/ZessWAcXIMvxJRiRTgV0BLU2MiT0OiD86V4aA=","aJSHSq1b7W1waT/IZrFVkdiWGwkcLY/kWnU98tfYIYs=","YE1zgw02Tbp/7ErvDUwFAVTC2Ti03E84qpXROdqZyhw=","wBNzXnECHtb7ntZq+6klBXw372x2Gk4uIsqXoSm6z+Q=","wRLG7zw2WGYtuPtf9KHHPFciAiEtukSwy5v2awmYpFQ=","8ebjrHw9l4nxGsTpBAMnJJ+Gv5EEQ4MFt1ypJa143FI=","ASncScgUICCSGpKkSjDpplBQkaFTiPaHdN8cq68zF+4=","7UdzWJBcxNOH9p6zxlqjBwOrUaKDtRpoy8F1eb+3Ypg=","LmkBRo4iISD9yUDf6EEDp85UH2Szt82LtSNyWXFMk9E=","gAqeY/lNqbGHUm6rghWILaxN5Qk5uCmvre6CSQ2eNuc=","RVyrjzNoVOhpS1cpW7GTrWcEU3M33K3fBNaNHs1BExY=","iKk9oswFQe7NQjlwg9b3mzUg0LJZttX1leT+/uDJiqY=","w4eXz+fedrE9vtoYV+I7/0oTlYI1zXCwY08Pccsri84=","hZTOcE14EeHfFs7bGSm+xKtem5+VL/VkKAvudIZDWUs=","M9NTsIoo1teBtPKeXgSTITzLjNcX4aEwDfFqecUI9BU=","LelPNdVTUMcqz5YAQGp5j5Y+Ca0PO65yqfVJL3w6aps=","Z0zR4uRyMbIjF3n02ndhYS1Yyuedg86BO1usabKsV64=","on6LLASgsZNgYncdDG4OWMgwuUPwz/croQuiozJPIi8=","VCEyYu930ao4Z4m1HAOyKBSIfoiGmGjq9KtzqS5ddnA=","iec2HITEWgGjoH+vdPlaV48FnV/ZS2daMVrh6zMrAAc=","zDBLve3+v8IyF65YcpPHWkXI58sStXOGsDNligxoMiY=","Zdms3a6YVdH3dbtmk0jehR24q5D+rZYe9tiVtnwBf30=","eOrtynwY2yaSSckChHDwct5IVNR2hn5O5D13nE6aNlo=","7/8Cx/GhXbtgqE8VGlLrLhQW6Y7Q9W4J/huuSx1NwMQ=","9+j8k4VyIu1UI5xTG1u5O8FeKh0A6OjaPqM+R2JyHpI=","2NfsRqQegCFYh6py3kL/GVOTe3lFaD6ckkaBpwXwBGA=","tocJltj9HZttZjJUjS+LwKGIyNRWTN4a2EpHFuHAMdI=","tld9tICCyOigGdRuZUOyjXIZ+KShWJ7TLVRJGFBoxn4=","b+1Ft8HFvm+0hZXMUTfxMmhSECI3z0zlQFTU4N0DYRw=","3wxlNb51BVbge49nLtYDUUOWVkcGSCCuXPQaeWoOAgc=","G4YX+N1U960zuvkgphqE36ugzhTIl3kZZi1rPDbRuxc=","dl1wrv/eOm/8FDHL4kp1dy1dsaGSb0Ky6s5nL0Yu7pI=","woG+DZCv9TyFGzU3tIfVVBXLbOru+pUZ0kMXdt2s4i8=","JOs2w9w9vccx03gP9DxsPc2Ug2UeSrlkOZZdp2sFCz4=","416czVQXhftBW0yaXGQBaWvkZ5g8dGr2Hdyg95Klra8=","5dnouTc2ufqCvPfMy8rPd+SFRkYSivsl0G0L1vmsGKw=","TGmTk2gR+A8+CFZMXXJQx0mrw9fRUP/ij4n35hgfDFk=","CvgKEpQITXdPjrQF49pLYSFLu8O3pFC8dse1hIZUsow=","ko+VODv0rQlCFJheBJjtD/GFZ/mmfsOraH+WBzPa1hw=","xDuDJ+5CjnDcjhdS+qVNJ50wVZ4Hr+h1TxYjVdo0Ofs=","FZUsonrhO0paU6NwX3WeKxaEs7FDEBuufHVwJm2aIrA=","P8/igUkg/HFGAN5+hTXIYbfIcUlumtuqUqqxLsY9ey4=","k67AiTJhEduAVOGEqViPa2vaOc1lx7YYYCYSm5VA58Q=","Ownr3g8O4sWjiuPqn4q4amQps+FggQl4x4QyEBPbvOc=","ewDdMzJa4i951m+uviMkdyKMQD+Be1AZEd6iLK5E+T8=","JT3rgB0j/fdUVJpYvtxrKhXu/pt80BJ8L2GngQ8xNNk=","OYLNwPgo1eRCVzF9tE2KiGLQwCBrFT/2BuTW6zEFuTs=","GfPQzRLkasQmEGy22v5VHezQzDuUSUf00KDasK1mjM0=","R9RzRZJLczwwCJsEQnKBY9taST0oaP1rLHeBCozNCvw=","PderJWa0QIFx0tLIN0csbR+PO0ZgewAU071ELytq01s=","pJFPPff5w9F1WWSrjqPUCnBFR+KNSeGNjAvLJ8/q7qY=","clLF/wM6foaUSI4th0pcVXhICGMW6D1GMLipNZJWBQs=","NbnUJmu89P1mZkdpUWYUQJ6WjKljFFAYs45W9iX6VIM=","JdI88d3LNBQn9bA5fY6znGVkIDGPBZtPq+uQh1kjWwU=","Nn/uorWLUfwmhonPGTnrWdbTSlme/6Ru0hSfoHFQVZA=","64d1wNpIShyrZZBdkfRJldSVdRhtkABboEVrc9tMdMw=","dhgSteHGBKmq8rPUmUDCx/HhFTJBcQUPOECKmu+ItfM=","xDNFnmmDYz/AlSQulAvzZo4P7R8owzn+81Guy3bfs6w=","FoWivsofDpSfp9svRnC3fqcSHe86jbNdimXmhY/twXM=","xd14quiACkUGKnLvVHaywSt9ZFKHKNHAbanUdvtaqdI=","ndYpGkorXVFJSnwSn3FMHpE/8Q+UJJaexaNqPaESiho=","3eS3rIkqgxeE6lUdtW2vFf0wv/UmeYHoic1vEWtv5Dk=","kinGjlmHWPkE6/WrkREYHYgIbfNvQXwz+1aN3H3ASGk=","/Q4J/YYvpNL+bWCFCvWOZpgYYhBW5v4G30Q8aZxlay0=","RGiDCy6NHTGsb0LQfl1ps5Il89uhiypGIy7Eaq7nb20=","r6R1uNFdsM3ToSJzKt9LJP7N6s4BlZ0/9q9H6/kcEAo=","GmsRTEGHAXxBoSmDaSEzFcRFQp+MnAEffww5mC66EK8=","4W7rfc3TS7gotDE3dxVbRwavUfkci7cf5EUJUbfcYH8=","TejQuRfnyaxbvqV95b7S1/iSKXjuDfPqcwRILPFmgqE=","A+AC5gO4JMzC6wDPsca/IA91XjLrNSyxjKWJ/O8+kfM=","7JVQrCBhhqsMB/+yq9E6RLsBSr2kcKkuxrGrdCBi/Bg=","K5ViqkPfNiSuemR38RDXJNDQKuW+rqWcY9sm9MbMW6c=","CiUwAt0qWupzXUY7FS8zI+irIzMjh2eVkNHgZDXv5DY=","i7lI8ajNnE4syWEBjWLV08QjHL3bq3M1xVuj4UEfYec=","qnflyZY8N1dqxsE+BUO+Nwli2xCgzZP0873s8s433xE=","QVeWALCYfJiOGevl/lyx8k1ZGx2pHatIK/XJR4+OhjY=","7fLGzoDYLFYtk5Y5IPpzmUfhfZPgL0+wg1oQoHaezT8=","gJ43wreONJm6D9iNcu1b9H8vhxVnXr9jVBY+GYhwPR0=","evCFsDNCEvmZKi36QFpyOc9h8MPvb+3Wz4u2y4m861I=","6lm1x+cEa9C8BmtWpyndDoO7ftggU7DSIJg9cGwlsHk=","64C0nCIPQTKY8vM35w0HxJvkeJnHe+9n2vZCo7k7uLA=","lAgh1o9jcezD7zaJdO+hasZQbZU7SsKnThEIiRGZbZ8=","00B+eVvZfyms60V1nznoSh5OHibYtpeuYn3zOonnt0Y=","dTLq6cvvm2TBrz5AlP0mpLIB3dbgKmqW0BVVolYepjs=","2xGwm8LvCo9gt2M11uYDK4rIQtHa2wK9V1406DPIv4I=","1grpUkFi9aJnQolImW/+2fo99Tr3coMDwShL7VVFjFs=","O7oypBtryVYr/Z1oKulp+WpgcJ/Rw2vpUIEjgG9SxMs=","ISmN61LI6oVEZH9SDdE6d3DZEWcZzmoQFkv2bIo8zvM=","SvMI5cHeLc7OslFhpLdLebX331P7CIqTAG59cejga5Q=","6Xi90Uy10wT5sk9FrBYx2OK6aF5Ko0+7pUBRr4TnXYw=","Bm03BA27KdRrf/8RgeUc0Ki/POIdAvwN5OaSwKIZpdc=","5dBywpDhyj/+DMbry7cFt5W8bseYVQHTJnwrMHejOC4=","S7TrzL/BX66VaG20aXu3HyWKhS7up5U8pN7Y207AZXk=","AID2p4aFrTB7+nXg5J1yqLSogpwD8lfpy2ioOLpx31M=","L8nUXH2DOnfmhNXX7H7Sd5GZR1wcBGn1C066puQiCDA=","YGGrANDL17K4t+yaablozVAZo1FnuwhWz3pGJcuVQko=","u0SLHy7o3jU+weO73kcnBSotmnoJ4lksPEhCPPln+mo=","Ct81BhFsLUxoSE6aT2oFGbExITKHe/3YWYcu4vgu2Zc="],"block_size":4096,"path":"scripts/conference_grid.js"},{"block_hashes":["YT1+DGPNnevAnoEgNp701syZIA+BXifnKUHsvYa1Mas=","303S8Uf5W8iFUuIk5X/R1sEndlAB//iVcs/RVJS5jbc=","bILbNm++sa6swU+407Riqx/CwpSS0Jq2xoRPjsL0Y+w=","eAXIMLSotJMo53t1H6Xm0QjopitwJ9gDKopf3VrWA2c=","RiHQBbXAf2gsnC+ASZskmm1T+4bADxla0ahFGjnq+p0=","ZHbT2PkPV48iw++DLNjPq5/iIwN1vxMtzf0P/3FjF2o=","lERE1UWzfAnVisTJxIIqqgAPwQjIBjaAgUPaVi2yddg=","CwFjJHP2bFSpKWfz9M9Xc1M/Feo/OL+dQILXktf485M=","Pu9BtjPqTYd5WswBlEJcPVmb46hZY41aM7amIqfK2Fw=","RRvSu4JGNSpYH1nxuza/6Fw1KE6d/pAKPGPVU2G/wOU=","ItxtZG4LcJcNMEEgDYxqvZ2GS3uVGOfuplOECs/r5Mc=","FrCorXITYm6JpRQdsrhRMlO4yqbw2ib2QS5V3SSd700=","nWzXImsRiRt6iUbA0bIS7dnHVFJEYBP1+QMxfs1nvOE=","i4WTR5IUOhSZ9QOkYzhE4NoxxShf91nRaOL81BEJ0lU=","EVkSTh6qjtYkf5nZQ5XnO9qcp4x2uvv+Plozt0BCAuM=","O621cSkZNhoO7z8j+VGLiIfpuYvielYdD7HIia1Gwto=","uAY9m+AkLmoSoNmPSMgvUhRrrmZXOoy9xmluQKZ3sxE=","ic0gIRkzoWMG8z4LjnOe9vTG/ALPsJ+E7wshs7PlYbc=","6Eghe2DP8Si3dOG9R4EBIJhb5vzLjuisA60MehUvTmc=","o5+dvkJO31P3r36xOPj4T8MUpl4C6N+CNs0q7zSpMGA=","3u1TA3BQbjF329Xh2Q1PSWt3VzO120Dz3Dz6fT/M6vU=","ohQHZMj/tDNrVwBJe5DHN/HVYKILsPuiIADaw84tzZA="],"block_size":4096,"path":"scripts/contentscript.js"},{"block_hashes":["PTH/u9qT/9wa4x1uIn6NAwf8TWQA0EngCcLUO6yEGpg="],"block_size":4096,"path":"scripts/heads_up.js"}],"version":2}